{
  "chart": [
    {
      "exampleId": 1,
      "actions": [
        [[1,2],[2,4],[3,6],[4,5]],
        [[1,3],[2,3],[3,4],[4,3]],
        [[1,4],[2,1],[3,2],[4,4]],
        [[1,6],[2,2],[3,3],[4,5]],
        [[1,1],[2,3],[3,1],[4,2]],
        [[1,3],[2,4],[3,3],[4,3]],
        [[1,6],[2,5],[3,6],[4,4]],
        [[1,4],[2,7],[3,3],[4,4]],
        [[1,5],[2,2],[3,4],[4,5]],
        [[1,2],[2,1],[3,5],[4,2]],
        [[1,3],[2,3],[3,5],[4,1]],
        [[1,4],[2,6],[3,2],[4,2]],
        [[1,5],[2,2],[3,7],[4,6]],
        [[1,2],[2,1],[3,1],[4,2]],
        [[1,1],[2,5],[3,3],[4,1]]
      ],
      "reward":[1,2,3,4,5,7,10,11,20,25,26,40,50,70,100]
    ,
      "learning_rate":[0.0004,0.0004,0.0004,0.0003,0.0003,0.0003,0.0003,
        0.0002,0.0002,0.0002,0.0001,0.0001,0.0001,0.0001,0.0001
      ]
    ,
      "loss": [ 0.04024, 0.03800,0.03524,0.03074,0.03000,0.02544,0.02024,
        0.02000,0.01824, 0.01602,0.01542,0.01500,0.01402,0.01382,0.01382
      ],
      "Accuracy": [0.11,0.16,0.27,0.58,0.65,0.59,0.69,0.70,0.78,0.77,0.79,
        0.80,0.81,0.80,0.81
      ]
    },
    {
      "exampleId": 3,
      "actions": [
        [[1,2],[2,4],[3,6],[4,5]],
        [[1,3],[2,3],[3,4],[4,3]],
        [[1,4],[2,1],[3,2],[4,4]],
        [[1,6],[2,2],[3,3],[4,5]],
        [[1,1],[2,3],[3,1],[4,2]],
        [[1,3],[2,4],[3,3],[4,3]],
        [[1,6],[2,5],[3,6],[4,4]],
        [[1,4],[2,7],[3,3],[4,4]],
        [[1,5],[2,2],[3,4],[4,5]],
        [[1,2],[2,1],[3,5],[4,2]],
        [[1,3],[2,3],[3,5],[4,1]],
        [[1,4],[2,6],[3,2],[4,2]],
        [[1,5],[2,2],[3,7],[4,6]],
        [[1,2],[2,1],[3,1],[4,2]],
        [[1,1],[2,5],[3,3],[4,1]]
      ],
      "reward":[1,2,3,4,5,7,10,11,20,20,20,20,20,20,20]
    ,
      "learning_rate":[1.0004,1.0004,1.0004,1.0003,0.0003,0.0003,0.0003,
        0.0002,0.0002,0.0002,0.0001,0.0001,0.0001,0.0001,0.0001
      ]
    ,
      "loss": [ 1.04024, 1.03800,1.03524,1.03074,1.03000,1.02544,1.02024,
        1.02000,1.01824, 1.01602,1.01542,1.01500,1.01402,1.01382,1.01382
      ],
      "Accuracy": [1.11,1.16,1.27,1.58,1.65,0.59,0.69,0.70,0.78,0.77,0.79,
        0.80,0.81,0.80,0.81
      ]
    },
    {
      "exampleId": 4,
      "actions": [
        [[1,2],[2,4],[3,6],[4,5]],
        [[1,3],[2,3],[3,4],[4,3]],
        [[1,4],[2,1],[3,2],[4,4]],
        [[1,6],[2,2],[3,3],[4,5]],
        [[1,1],[2,3],[3,1],[4,2]],
        [[1,3],[2,4],[3,3],[4,3]],
        [[1,6],[2,5],[3,6],[4,4]],
        [[1,4],[2,7],[3,3],[4,4]],
        [[1,5],[2,2],[3,4],[4,5]],
        [[1,2],[2,1],[3,5],[4,2]],
        [[1,3],[2,3],[3,5],[4,1]],
        [[1,4],[2,6],[3,2],[4,2]],
        [[1,5],[2,2],[3,7],[4,6]],
        [[1,2],[2,1],[3,1],[4,2]],
        [[1,1],[2,5],[3,3],[4,1]]
      ],
      "reward":[1,2,3,4,5,7,10,11,20,25,26,40,50,70,100]
    ,
      "learning_rate":[0.0004,0.0004,0.0004,0.0003,0.0003,0.0003,0.0003,
        0.0002,0.0002,0.0002,0.0001,0.0001,0.0001,0.0001,0.0001
      ]
    ,
      "loss": [ 0.04024, 0.03800,0.03524,0.03074,0.03000,0.02544,0.02024,
        0.02000,0.01824, 0.01602,0.01542,0.01500,0.01402,0.01382,0.01382
      ],
      "Accuracy": [0.11,0.16,0.27,0.58,0.65,0.59,0.69,0.70,0.78,0.77,0.79,
        0.80,0.81,0.80,0.81
      ]
    },
    {
      "exampleId": 5,
      "actions": [
        [[1,2],[2,4],[3,6],[4,5]],
        [[1,3],[2,3],[3,4],[4,3]],
        [[1,4],[2,1],[3,2],[4,4]],
        [[1,6],[2,2],[3,3],[4,5]],
        [[1,1],[2,3],[3,1],[4,2]],
        [[1,3],[2,4],[3,3],[4,3]],
        [[1,6],[2,5],[3,6],[4,4]],
        [[1,4],[2,7],[3,3],[4,4]],
        [[1,5],[2,2],[3,4],[4,5]],
        [[1,2],[2,1],[3,5],[4,2]],
        [[1,3],[2,3],[3,5],[4,1]],
        [[1,4],[2,6],[3,2],[4,2]],
        [[1,5],[2,2],[3,7],[4,6]],
        [[1,2],[2,1],[3,1],[4,2]],
        [[1,1],[2,5],[3,3],[4,1]]
      ],
      "reward":[1,2,3,4,5,7,10,11,20,25,26,40,50,70,100]
    ,
      "learning_rate":[0.0004,0.0004,0.0004,0.0003,0.0003,0.0003,0.0003,
        0.0002,0.0002,0.0002,0.0001,0.0001,0.0001,0.0001,0.0001
      ]
    ,
      "loss": [ 0.04024, 0.03800,0.03524,0.03074,0.03000,0.02544,0.02024,
        0.02000,0.01824, 0.01602,0.01542,0.01500,0.01402,0.01382,0.01382
      ],
      "Accuracy": [0.11,0.16,0.27,0.58,0.65,0.59,0.69,0.70,0.78,0.77,0.79,
        0.80,0.81,0.80,0.81
      ]
    },
    {
      "exampleId": 6,
      "actions": [
        [[1,2],[2,4],[3,6],[4,5]],
        [[1,3],[2,3],[3,4],[4,3]],
        [[1,4],[2,1],[3,2],[4,4]],
        [[1,6],[2,2],[3,3],[4,5]],
        [[1,1],[2,3],[3,1],[4,2]],
        [[1,3],[2,4],[3,3],[4,3]],
        [[1,6],[2,5],[3,6],[4,4]],
        [[1,4],[2,7],[3,3],[4,4]],
        [[1,5],[2,2],[3,4],[4,5]],
        [[1,2],[2,1],[3,5],[4,2]],
        [[1,3],[2,3],[3,5],[4,1]],
        [[1,4],[2,6],[3,2],[4,2]],
        [[1,5],[2,2],[3,7],[4,6]],
        [[1,2],[2,1],[3,1],[4,2]],
        [[1,1],[2,5],[3,3],[4,1]]
      ],
      "reward":[1,2,3,4,5,7,10,11,20,25,26,40,50,70,100]
    ,
      "learning_rate":[0.0004,0.0004,0.0004,0.0003,0.0003,0.0003,0.0003,
        0.0002,0.0002,0.0002,0.0001,0.0001,0.0001,0.0001,0.0001
      ]
    ,
      "loss": [ 0.04024, 0.03800,0.03524,0.03074,0.03000,0.02544,0.02024,
        0.02000,0.01824, 0.01602,0.01542,0.01500,0.01402,0.01382,0.01382
      ],
      "Accuracy": [0.11,0.16,0.27,0.58,0.65,0.59,0.69,0.70,0.78,0.77,0.79,
        0.80,0.81,0.80,0.81
      ]
    },
    {
      "exampleId": 7,
      "actions": [
        [[1,2],[2,4],[3,6],[4,5]],
        [[1,3],[2,3],[3,4],[4,3]],
        [[1,4],[2,1],[3,2],[4,4]],
        [[1,6],[2,2],[3,3],[4,5]],
        [[1,1],[2,3],[3,1],[4,2]],
        [[1,3],[2,4],[3,3],[4,3]],
        [[1,6],[2,5],[3,6],[4,4]],
        [[1,4],[2,7],[3,3],[4,4]],
        [[1,5],[2,2],[3,4],[4,5]],
        [[1,2],[2,1],[3,5],[4,2]],
        [[1,3],[2,3],[3,5],[4,1]],
        [[1,4],[2,6],[3,2],[4,2]],
        [[1,5],[2,2],[3,7],[4,6]],
        [[1,2],[2,1],[3,1],[4,2]],
        [[1,1],[2,5],[3,3],[4,1]]
      ],
      "reward":[1,2,3,4,5,7,10,11,20,25,26,40,50,70,100]
    ,
      "learning_rate":[0.0004,0.0004,0.0004,0.0003,0.0003,0.0003,0.0003,
        0.0002,0.0002,0.0002,0.0001,0.0001,0.0001,0.0001,0.0001
      ]
    ,
      "loss": [ 0.04024, 0.03800,0.03524,0.03074,0.03000,0.02544,0.02024,
        0.02000,0.01824, 0.01602,0.01542,0.01500,0.01402,0.01382,0.01382
      ],
      "Accuracy": [0.11,0.16,0.27,0.58,0.65,0.59,0.69,0.70,0.78,0.77,0.79,
        0.80,0.81,0.80,0.81
      ]
    }
  ]
}
